astroid_id,ore_units,crystal_units,gas_units,total_units,cargo_value
AST-001,42,18,27,87,255
AST-002,15,33,21,69,258
AST-003,58,12,36,106,284
AST-004,27,24,19,70,231
AST-005,63,9,31,103,264
AST-006,34,28,14,76,250
AST-007,49,16,25,90,253
AST-008,21,37,18,76,281
AST-009,55,22,29,106,307
AST-010,18,41,16,75,289
AST-011,46,15,33,94,266
AST-012,31,26,20,77,252
AST-013,67,11,24,102,261
AST-014,23,35,17,75,272
AST-015,52,19,28,99,283
AST-016,39,23,15,77,238
AST-017,61,14,30,105,282
AST-018,26,32,22,80,278
AST-019,44,21,34,99,295
AST-020,17,39,13,69,268
AST-021,57,17,26,100,277
AST-022,29,30,19,78,265
AST-023,64,10,35,109,283
AST-024,36,25,16,77,245
AST-025,48,20,23,91,265
AST-026,22,34,27,83,295
AST-027,59,13,32,104,279
AST-028,33,29,18,80,265
AST-029,53,18,21,92,259
AST-030,25,36,24,85,302
